{
	"ZoomAmount": 0.40000000596046448,
	"ViewOffset":
	{
		"X": 790.20731472463444,
		"Y": 147.43494291918512
	},
	"Nodes":
	{
		"DIY_FixedCam_BP2":
		{
			"X": 100,
			"Y": 200
		},
		"DIY_FixedCam_BP":
		{
			"X": 300,
			"Y": 200
		},
		"DIY_FixedCam_BP3":
		{
			"X": 500,
			"Y": 200
		},
		"DIY_FixedCam_BP4":
		{
			"X": 700,
			"Y": 200
		},
		"DIY_AroundCastleDroneCam_BP":
		{
			"X": 900,
			"Y": 200
		}
	}
}