{
	"ZoomAmount": 0.90000009536743164,
	"ViewOffset":
	{
		"X": 550.19958561281703,
		"Y": -252.17194288652195
	},
	"Nodes":
	{
		"DIY_FixedCam_BP2":
		{
			"X": -133.40724160151484,
			"Y": 173.40733612123859
		},
		"DIY_FixedCam_BP":
		{
			"X": -377.3333740234375,
			"Y": 332
		},
		"DIY_FixedCam_BP3":
		{
			"X": 21.9998779296875,
			"Y": 328.00000015895063
		},
		"DIY_FixedCam_BP4":
		{
			"X": 284.66688240898497,
			"Y": 173.94449644011544
		},
		"DIY_AroundCastleDroneCam_BP":
		{
			"X": 516.7777311246424,
			"Y": 299.27768124235911
		}
	}
}