{
	"ZoomAmount": 0.90000009536743164,
	"ViewOffset":
	{
		"X": 60.920153947617337,
		"Y": -78.642715656786066
	},
	"Nodes":
	{
		"Cam_LivingLow":
		{
			"X": -24.999988824130092,
			"Y": 274.99999329447797
		},
		"Cam_LivingHigh":
		{
			"X": 400.00014364718072,
			"Y": 265.83335287868783
		},
		"Cam_GreenHouse":
		{
			"X": 576.29637863409516,
			"Y": 277.03700626828868
		},
		"Cam_Flag":
		{
			"X": 789.62957492091118,
			"Y": 277.77783735298192
		},
		"Cam_LivingLow_1":
		{
			"X": 200.83334498107305,
			"Y": 275.83335198461816
		},
		"DIY_AroundCastleDroneCam_BP":
		{
			"X": 1097.1428543099451,
			"Y": 268.35983509278952
		}
	}
}