{
	"DIY_FixedCam_BP2":
	{
		"X": 89.3333740234375,
		"Y": 152.00006103515625
	},
	"DIY_FixedCam_BP":
	{
		"X": 119.333251953125,
		"Y": 408
	},
	"DIY_FixedCam_BP3":
	{
		"X": 309.33328247070312,
		"Y": 266.66656494140625
	},
	"DIY_FixedCam_BP4":
	{
		"X": 498.66668701171875,
		"Y": 92.666595458984375
	},
	"DIY_AroundCastleDroneCam_BP":
	{
		"X": 585.99993896484375,
		"Y": 468.666748046875
	}
}