{
	"ZoomAmount": 0.80000007152557373,
	"ViewOffset":
	{
		"X": 462.96864209300344,
		"Y": 155.16233939852469
	},
	"Nodes":
	{
		"DIY_FixedCam_BP2":
		{
			"X": -3.4071769304810773,
			"Y": 186.74061739985336
		},
		"DIY_FixedCam_BP":
		{
			"X": 341.555289206694,
			"Y": -22.444312442240935
		},
		"DIY_FixedCam_BP3":
		{
			"X": -170.50010485947254,
			"Y": 451.33334789673756
		},
		"DIY_FixedCam_BP4":
		{
			"X": 213.83360627127055,
			"Y": 471.44454613548345
		},
		"DIY_AroundCastleDroneCam_BP":
		{
			"X": 516.7777311246424,
			"Y": 299.27768124235911
		}
	}
}